{"epoch": 40, "train_loss": 0.5164339425414801, "train_acc": 0.8198749780654907, "val_loss": 0.6130120193958283, "val_acc": 0.7974999791383743, "best_epoch": 40, "best_val_acc": 0.7974999791383743, "test_loss": 0.6197977522015572, "test_acc": 0.7916999793052674, "_timestamp": 1697776935.024253, "_runtime": 1336.4248688220978, "_step": 39, "_wandb": {"runtime": 1330}}