{"epoch": 12, "train_loss": 1.467679601609707, "train_acc": 0.47719998843967915, "val_loss": 1.4567531383037566, "val_acc": 0.5071999886631966, "best_epoch": 12, "best_val_acc": 0.5071999886631966, "test_loss": 1.4287665259838105, "test_acc": 0.5147999888658523, "_timestamp": 1697781854.5859952, "_runtime": 155.66179823875427, "_step": 11, "_wandb": {"runtime": 152}}