{"train_step_loss": 1.0521160364151, "train_step_acc": 0.6699999570846558, "_timestamp": 1697688403.1693318, "_runtime": 120.12375068664551, "_step": 11419, "val_step_loss": 1.4709749221801758, "val_step_acc": 0.4899999797344208, "train_loss": 0.9646343147754669, "train_acc": 0.6594999860227108, "val_loss": 1.36419912815094, "val_acc": 0.5494999870657921, "best_epoch": 17, "best_val_acc": 0.5545999881625175, "test_loss": 1.3411438751220703, "test_acc": 0.5429999867081642, "_wandb": {"runtime": 118}}