{"epoch": 40, "train_loss": 0.4653310714289546, "train_acc": 0.8349999792873859, "val_loss": 0.7816562443971634, "val_acc": 0.7512999820709229, "best_epoch": 40, "best_val_acc": 0.7512999820709229, "test_loss": 0.7852623385190963, "test_acc": 0.7499999815225601, "_timestamp": 1697772391.7890844, "_runtime": 3049.214215517044, "_step": 39, "_wandb": {"runtime": 3043}}