{"epoch": 40, "train_loss": 0.25170885704457757, "train_acc": 0.9102499805390835, "val_loss": 53.0199767780304, "val_acc": 0.5644999870657921, "best_epoch": 36, "best_val_acc": 0.5903999868035317, "test_loss": 32.73639885902405, "test_acc": 0.5932999879121781, "_timestamp": 1697775583.1842208, "_runtime": 3178.391232728958, "_step": 39, "_wandb": {"runtime": 3172}}