{"epoch": 40, "train_loss": 0.08722742476966232, "train_acc": 0.9744999691843986, "val_loss": 2.658868658542633, "val_acc": 0.5195999863743782, "best_epoch": 13, "best_val_acc": 0.5386999869346618, "test_loss": 1.4814136731624603, "test_acc": 0.5350999876856803, "_timestamp": 1697780902.871284, "_runtime": 62.104979038238525, "_step": 39, "_wandb": {"runtime": 56}}