{"epoch": 40, "train_loss": 0.6351769982278347, "train_acc": 0.7767249801754952, "val_loss": 1.2895043909549713, "val_acc": 0.669099982380867, "best_epoch": 28, "best_val_acc": 0.7093999832868576, "test_loss": 1.2581117367744445, "test_acc": 0.7063999849557877, "_timestamp": 1697796649.555627, "_runtime": 3909.876843214035, "_step": 39, "_wandb": {"runtime": 3904}}