{"epoch": 40, "train_loss": 0.24874634856358172, "train_acc": 0.9152999822795391, "val_loss": 1.9806677913665771, "val_acc": 0.5324999848008156, "best_epoch": 24, "best_val_acc": 0.5505999886989593, "test_loss": 1.5707857310771942, "test_acc": 0.5428999882936477, "_timestamp": 1697781682.640191, "_runtime": 473.53362917900085, "_step": 39, "_wandb": {"runtime": 466}}