{"epoch": 40, "train_loss": 0.0638383793272078, "train_acc": 0.9785499693453312, "val_loss": 1.2972914344072342, "val_acc": 0.7307999813556671, "best_epoch": 29, "best_val_acc": 0.7572999793291092, "test_loss": 1.0353010553121567, "test_acc": 0.7473999804258347, "_timestamp": 1697790327.189045, "_runtime": 2001.1874978542328, "_step": 39, "_wandb": {"runtime": 1995}}