{"epoch": 40, "train_loss": 0.4557760864496231, "train_acc": 0.8450749787688255, "val_loss": 1.0225410211086272, "val_acc": 0.6507999861240387, "best_epoch": 18, "best_val_acc": 0.6799999856948853, "test_loss": 1.0239759397506714, "test_acc": 0.6778999847173691, "_timestamp": 1697785176.5827131, "_runtime": 3165.814811229706, "_step": 39, "_wandb": {"runtime": 3160}}