{"epoch": 40, "train_loss": 0.258773641474545, "train_acc": 0.9085249827802181, "val_loss": 0.7181744575500488, "val_acc": 0.7669999802112579, "best_epoch": 26, "best_val_acc": 0.7707999819517135, "test_loss": 0.7365523821115494, "test_acc": 0.7679999798536301, "_timestamp": 1697769624.385257, "_runtime": 3305.1445989608765, "_step": 39, "_wandb": {"runtime": 3298}}