{"epoch": 40, "train_loss": 0.6172566021233797, "train_acc": 0.7806249795854092, "val_loss": 1.527126898765564, "val_acc": 0.5497999873757362, "best_epoch": 29, "best_val_acc": 0.5600999894738198, "test_loss": 1.394340331554413, "test_acc": 0.5548999857902527, "_timestamp": 1697796928.934217, "_runtime": 264.2262370586395, "_step": 39, "_wandb": {"runtime": 258}}