{"epoch": 10, "train_loss": 0.5958735732734204, "train_acc": 0.790699979364872, "val_loss": 0.8747182255983352, "val_acc": 0.7494999808073044, "best_epoch": 10, "best_val_acc": 0.7494999808073044, "test_loss": 0.8767249029874802, "test_acc": 0.741599982380867, "_timestamp": 1697697227.4661918, "_runtime": 1905.693333864212, "_step": 9, "_wandb": {"runtime": 2028}}