{"epoch": 40, "train_loss": 0.09643545764032752, "train_acc": 0.9670249724388122, "val_loss": 0.9462784639000893, "val_acc": 0.7515999829769134, "best_epoch": 33, "best_val_acc": 0.7636999821662903, "test_loss": 0.8631762260198593, "test_acc": 0.757999981045723, "_timestamp": 1697792722.6479235, "_runtime": 2377.3847744464874, "_step": 39, "_wandb": {"runtime": 2371}}