{"epoch": 40, "train_loss": 0.9014551249146462, "train_acc": 0.7011499843001365, "val_loss": 1.5892526149749755, "val_acc": 0.5465999895334244, "best_epoch": 37, "best_val_acc": 0.5493999886512756, "test_loss": 1.5315100312232972, "test_acc": 0.5435999879240989, "_timestamp": 1697781196.7510848, "_runtime": 274.5088777542114, "_step": 39, "_wandb": {"runtime": 269}}