{"epoch": 20, "train_loss": 1.1377114835381508, "train_acc": 0.6009249880164862, "val_loss": 1.5493204414844512, "val_acc": 0.44789998829364774, "best_epoch": 6, "best_val_acc": 0.48119998633861544, "test_loss": 1.5472500336170196, "test_acc": 0.48439998656511307, "_timestamp": 1697694270.6340525, "_runtime": 266.0869514942169, "_step": 19, "_wandb": {"runtime": 264}}