{"epoch": 4, "train_loss": 0.9617217898368835, "train_acc": 0.6661749833077192, "val_loss": 1.2726805698871613, "val_acc": 0.5970999872684479, "best_epoch": 4, "best_val_acc": 0.5970999872684479, "test_loss": 1.2756041133403777, "test_acc": 0.5917999860644341, "_timestamp": 1697781774.8198829, "_runtime": 555.5591869354248, "_step": 3, "_wandb": {"runtime": 629}}