{"epoch": 40, "train_loss": 0.002101448103785515, "train_acc": 1.0, "val_loss": 1.2754604452848435, "val_acc": 0.7678999793529511, "best_epoch": 39, "best_val_acc": 0.7701999777555466, "test_loss": 1.2930117511749268, "test_acc": 0.7617999815940857, "_timestamp": 1697769324.4565523, "_runtime": 101.73328518867493, "_step": 39, "_wandb": {"runtime": 95}}