{"epoch": 40, "train_loss": 0.46152168557047846, "train_acc": 0.8392999801039696, "val_loss": 0.9060101795196533, "val_acc": 0.7234999829530716, "best_epoch": 33, "best_val_acc": 0.7303999823331833, "test_loss": 0.90242680311203, "test_acc": 0.7301999849081039, "_timestamp": 1697950252.3766599, "_runtime": 7880.729380846024, "_step": 39, "_wandb": {"runtime": 7879}}