{"train_step_loss": 0.1674816906452179, "train_step_acc": 0.949999988079071, "_timestamp": 1697777019.6422331, "_runtime": 66.562087059021, "_step": 20939, "val_step_loss": 2.8147332668304443, "val_step_acc": 0.5, "epoch": 40, "train_loss": 0.09228894325904548, "train_acc": 0.972274970561266, "val_loss": 2.597152817249298, "val_acc": 0.5233999863266945, "best_epoch": 12, "best_val_acc": 0.5426999861001969, "test_loss": 1.4682010614871979, "test_acc": 0.5315999880433082, "_wandb": {"runtime": 60}}