{"epoch": 40, "train_loss": 2.3100522845983504, "train_acc": 0.10084999711252748, "val_loss": 2.310859167575836, "val_acc": 0.10139999695122243, "best_epoch": 33, "best_val_acc": 0.1024999975040555, "test_loss": 2.313327534198761, "test_acc": 0.09999999722465873, "_timestamp": 1697788311.8638573, "_runtime": 3118.1206023693085, "_step": 39, "_wandb": {"runtime": 3111}}