{"train_step_loss": 0.8243154287338257, "train_step_acc": 0.6699999570846558, "_timestamp": 1697777327.4987323, "_runtime": 273.6967704296112, "_step": 21939, "val_step_loss": 1.5592929124832153, "val_step_acc": 0.5199999809265137, "epoch": 40, "train_loss": 0.8957667511701584, "train_acc": 0.7024249847233296, "val_loss": 1.5667569661140441, "val_acc": 0.5474999862909317, "best_epoch": 37, "best_val_acc": 0.5483999884128571, "test_loss": 1.5494774889945984, "test_acc": 0.5402999898791313, "_wandb": {"runtime": 267}}