{"train_step_loss": 0.7554214000701904, "train_step_acc": 0.7999999523162842, "_timestamp": 1697688853.8842409, "_runtime": 237.79758286476135, "_step": 21139, "val_step_loss": 1.5100964307785034, "val_step_acc": 0.5299999713897705, "epoch": 40, "train_loss": 0.6128299216926097, "train_acc": 0.7853249809145928, "val_loss": 1.5334083580970763, "val_acc": 0.5548999878764153, "best_epoch": 19, "best_val_acc": 0.5610999873280526, "test_loss": 1.3315497362613677, "test_acc": 0.5578999856114387, "_wandb": {"runtime": 236}}